"Time (s)","Latitude (°)","Longitude (°)","Altitude (m)","Altitude WGS84 (m)","Speed (m/s)","Direction (°)","Distance (km)","Horizontal Accuracy (m)","Vertical Accuracy (m)","Satellites"
0.000000000E0,4.870999810E1,2.195509800E0,1.510996451E2,1.977999878E2,NaN,NaN,3.754880876E-1,1.040999985E2,2.072927284E1,0.000000000E0
5.081726500E-2,4.871321540E1,2.193955400E0,NaN,NaN,NaN,NaN,3.754880876E-1,6.999990234E2,0.000000000E0,0.000000000E0
5.081726500E-2,4.871321540E1,2.193955400E0,NaN,NaN,NaN,NaN,3.754880876E-1,6.999990234E2,0.000000000E0,0.000000000E0
5.081726500E-2,4.871321540E1,2.193955400E0,NaN,NaN,NaN,NaN,3.754880876E-1,6.999990234E2,0.000000000E0,0.000000000E0
1.139281727E1,4.871321540E1,2.193955400E0,NaN,NaN,NaN,NaN,6.194765355E-1,6.999990234E2,0.000000000E0,0.000000000E0
1.406630885E1,4.871117577E1,2.195181590E0,1.729971803E2,2.196972046E2,1.470000029E0,1.496000061E2,6.253577697E-1,1.565990639E1,1.785855484E1,0.000000000E0
1.507031374E1,4.871119154E1,2.195258100E0,1.573941373E2,2.040941162E2,1.179999948E0,1.948000031E2,6.279013558E-1,5.639155388E0,6.498383522E0,1.400000000E1
1.606544723E1,4.871116925E1,2.195265890E0,1.585865149E2,2.052864990E2,8.500000238E-1,2.131999969E2,6.318071597E-1,4.462334156E0,5.105448723E0,2.600000000E1
1.706953739E1,4.871113850E1,2.195291620E0,1.546982096E2,2.013981934E2,6.100000143E-1,2.131999969E2,6.354187693E-1,5.035807133E0,6.512645245E0,2.700000000E1
1.806243630E1,4.871114999E1,2.195245580E0,1.548085425E2,2.015085449E2,6.800000072E-1,2.131999969E2,6.377386513E-1,5.063755512E0,5.345248222E0,2.600000000E1
1.906759744E1,4.871116018E1,2.195273170E0,1.589180578E2,2.056180420E2,2.899999917E-1,2.131999969E2,6.378406356E-1,4.176526546E0,5.187608719E0,2.800000000E1
1.970078760E1,4.871116105E1,2.195273610E0,1.585210247E2,2.052210083E2,0.000000000E0,NaN,6.393399071E-1,3.790092468E0,3.329158068E0,2.700000000E1
2.069845718E1,4.871114995E1,2.195262010E0,1.590077696E2,2.057077637E2,1.169999957E0,1.670000000E2,6.400973561E-1,3.790092468E0,4.034170628E0,2.300000000E1
2.170542077E1,4.871115675E1,2.195261400E0,1.590962120E2,2.057962036E2,0.000000000E0,NaN,6.413685992E-1,3.790092468E0,3.701592207E0,2.500000000E1
2.269772952E1,4.871114674E1,2.195269770E0,1.568500574E2,2.035500488E2,1.570000052E0,1.880000000E2,6.431260345E-1,3.790092468E0,3.406122684E0,2.500000000E1
2.370608197E1,4.871113310E1,2.195257670E0,1.575953459E2,2.042953491E2,1.529999971E0,1.825000000E2,6.441203589E-1,3.790092468E0,2.955737114E0,2.500000000E1
2.469667223E1,4.871112645E1,2.195248610E0,1.554651506E2,2.021651611E2,9.800000191E-1,2.003000031E2,6.460336409E-1,3.790092468E0,2.705693483E0,2.500000000E1
2.570461937E1,4.871113132E1,2.195223600E0,1.584089265E2,2.051089478E2,4.499999881E-1,1.475000000E2,6.473603656E-1,3.790092468E0,3.043249369E0,2.600000000E1
2.670053088E1,4.871112208E1,2.195212160E0,1.585504574E2,2.052504883E2,9.399999976E-1,1.866000061E2,6.484452989E-1,3.790092468E0,2.992256880E0,2.700000000E1
2.770412718E1,4.871111318E1,2.195206100E0,1.584950307E2,2.051950684E2,1.000000000E0,1.886000061E2,6.490158254E-1,3.790092468E0,3.194901705E0,2.600000000E1
2.869985723E1,4.871111084E1,2.195199180E0,1.573609930E2,2.040610352E2,0.000000000E0,NaN,6.508419500E-1,3.790092468E0,3.089261532E0,2.600000000E1
2.970577291E1,4.871109490E1,2.195193190E0,1.567075410E2,2.034075928E2,2.299999952E0,1.841000061E2,6.522712790E-1,3.790092468E0,3.171470642E0,2.700000000E1
3.070046593E1,4.871108254E1,2.195187840E0,1.556811660E2,2.023812256E2,1.649999976E0,1.876999969E2,6.537116327E-1,3.790092468E0,3.275688648E0,2.700000000E1
3.170567093E1,4.871107023E1,2.195181730E0,1.553652399E2,2.020653076E2,1.620000005E0,1.781000061E2,6.549053774E-1,3.790092468E0,2.875427961E0,2.700000000E1
3.270120665E1,4.871106008E1,2.195176430E0,1.565380235E2,2.032380981E2,1.309999943E0,1.763000031E2,6.565642659E-1,3.790092468E0,2.500000000E0,2.600000000E1
3.370457702E1,4.871104602E1,2.195168870E0,1.563214001E2,2.030214844E2,1.750000000E0,1.871999969E2,6.579888534E-1,3.790092468E0,2.500000000E0,2.800000000E1
3.470517150E1,4.871103363E1,2.195163930E0,1.558953671E2,2.025954590E2,1.259999990E0,1.853999939E2,6.596679926E-1,3.790092468E0,2.500000000E0,2.800000000E1
3.570576207E1,4.871101882E1,2.195159460E0,1.562487523E2,2.029488525E2,1.330000043E0,1.806999969E2,6.608108384E-1,3.790092468E0,2.500000000E0,2.800000000E1
3.670373988E1,4.871100876E1,2.195156270E0,1.550237709E2,2.017238770E2,9.800000191E-1,1.790000000E2,6.620178613E-1,3.790092468E0,2.500000000E0,2.800000000E1
3.770513243E1,4.871099805E1,2.195153590E0,1.546930767E2,2.013931885E2,1.120000005E0,1.765000000E2,6.634897548E-1,3.790092468E0,2.500000000E0,2.800000000E1
3.870324842E1,4.871098486E1,2.195151900E0,1.541082315E2,2.008083496E2,1.110000014E0,1.793000031E2,6.649663959E-1,3.790092468E0,2.500000000E0,2.800000000E1
3.970103634E1,4.871097165E1,2.195149840E0,1.544689428E2,2.011690674E2,1.090000033E0,1.803000031E2,6.665265049E-1,3.790092468E0,2.502242327E0,2.900000000E1
4.070548806E1,4.871095762E1,2.195150000E0,1.541847574E2,2.008848877E2,1.090000033E0,1.788999939E2,6.678880487E-1,3.790092468E0,2.670149565E0,3.000000000E1
4.170502707E1,4.871094553E1,2.195152940E0,1.531322027E2,1.998323364E2,1.110000014E0,1.803999939E2,6.692310264E-1,3.790092468E0,2.500000000E0,3.000000000E1
4.270881030E1,4.871093420E1,2.195159280E0,1.526277457E2,1.993278809E2,1.090000033E0,1.763999939E2,6.707126778E-1,3.790092468E0,2.500000000E0,3.000000000E1
4.370964472E1,4.871092163E1,2.195165980E0,1.523440525E2,1.990441895E2,1.129999995E0,1.818000031E2,6.720626802E-1,3.790092468E0,2.500000000E0,3.000000000E1
4.470421274E1,4.871091008E1,2.195171650E0,1.519211991E2,1.986213379E2,1.090000033E0,1.868999939E2,6.736043439E-1,3.790092468E0,2.500000000E0,3.000000000E1
4.570952540E1,4.871089653E1,2.195176100E0,1.521414106E2,1.988415527E2,1.200000048E0,1.805000000E2,6.751073253E-1,3.790092468E0,2.500000000E0,2.900000000E1
4.671104212E1,4.871088375E1,2.195182770E0,1.523568628E2,1.990570068E2,1.120000005E0,1.728999939E2,6.764742961E-1,3.790092468E0,2.500000000E0,2.900000000E1
4.770829535E1,4.871087242E1,2.195190000E0,1.520709121E2,1.987710571E2,1.120000005E0,1.736999969E2,6.776140101E-1,3.790092468E0,2.500000000E0,2.900000000E1
4.870886576E1,4.871086240E1,2.195193270E0,1.516230947E2,1.983232422E2,1.120000005E0,1.843000031E2,6.786665181E-1,3.790092468E0,2.500000000E0,2.900000000E1
4.971475722E1,4.871085297E1,2.195194510E0,1.513704669E2,1.980706177E2,1.080000043E0,1.876000061E2,6.798523303E-1,3.790092468E0,2.500000000E0,2.900000000E1
5.070110337E1,4.871084243E1,2.195196970E0,1.511749682E2,1.978751221E2,1.100000024E0,1.908999939E2,6.810755062E-1,3.790092468E0,2.500000000E0,2.900000000E1
5.170136477E1,4.871083143E1,2.195196850E0,1.520561892E2,1.987563477E2,1.080000043E0,1.971999969E2,6.822566153E-1,3.790092468E0,2.500000000E0,2.800000000E1
5.270108462E1,4.871082081E1,2.195197160E0,1.516769126E2,1.983770752E2,1.059999943E0,1.908000031E2,6.833497602E-1,3.790092468E0,2.500000000E0,2.800000000E1
5.370688587E1,4.871081178E1,2.195191270E0,1.523962662E2,1.990964355E2,1.240000010E0,2.208999939E2,6.846672749E-1,3.790092468E0,2.500000000E0,2.800000000E1
5.469991462E1,4.871079997E1,2.195189820E0,1.523374227E2,1.990375977E2,1.120000005E0,2.103999939E2,6.865115356E-1,3.790092468E0,2.500000000E0,2.800000000E1
5.570746295E1,4.871078388E1,2.195183720E0,1.514799911E2,1.981801758E2,1.590000033E0,1.986000061E2,6.885213766E-1,3.790092468E0,2.500000000E0,2.800000000E1
5.670111644E1,4.871076640E1,2.195176750E0,1.487500609E2,1.954502563E2,1.389999986E0,2.035000000E2,6.906827965E-1,3.790092468E0,2.500000000E0,2.800000000E1
5.770871435E1,4.871074749E1,2.195169930E0,1.470969735E2,1.937971802E2,1.450000048E0,2.010000000E2,6.927547677E-1,3.790092468E0,2.500000000E0,2.600000000E1
5.870101711E1,4.871072939E1,2.195163220E0,1.465368430E2,1.932370605E2,1.500000000E0,2.043999939E2,6.946168539E-1,3.790092468E0,2.500000000E0,2.700000000E1
5.970383170E1,4.871071370E1,2.195154350E0,1.460697300E2,1.927699585E2,1.480000019E0,2.118000031E2,6.962489223E-1,3.790092468E0,2.500000000E0,2.700000000E1
6.070398196E1,4.871069984E1,2.195147030E0,1.457940247E2,1.924942627E2,1.440000057E0,2.056999969E2,6.978540892E-1,3.790092468E0,2.500000000E0,2.700000000E1
6.170332253E1,4.871068541E1,2.195146420E0,1.457855346E2,1.924857788E2,1.480000019E0,1.871999969E2,6.994417739E-1,3.790092468E0,2.500000000E0,2.800000000E1
6.269919263E1,4.871067118E1,2.195148200E0,1.457069774E2,1.924072266E2,1.460000038E0,1.865000000E2,7.009964103E-1,3.790092468E0,2.518655539E0,2.800000000E1
6.370898560E1,4.871065726E1,2.195150180E0,1.448123193E2,1.915125732E2,1.450000048E0,1.813999939E2,7.024793884E-1,3.790092468E0,2.500000000E0,2.800000000E1
6.470344451E1,4.871064402E1,2.195152610E0,1.446414167E2,1.913416748E2,1.409999967E0,1.858000031E2,7.041256082E-1,3.790092468E0,2.500000000E0,2.900000000E1
6.570359737E1,4.871062958E1,2.195157560E0,1.453063302E2,1.920065918E2,1.450000048E0,1.808000031E2,7.056612205E-1,3.790092468E0,2.500000000E0,2.900000000E1
6.670065940E1,4.871061578E1,2.195158360E0,1.451712542E2,1.918715210E2,1.460000038E0,1.930000000E2,7.070557426E-1,3.790092468E0,2.500000000E0,2.900000000E1
6.770638883E1,4.871060341E1,2.195155230E0,1.449598217E2,1.916600952E2,1.399999976E0,2.001000061E2,7.083397728E-1,3.790092468E0,2.500000000E0,2.900000000E1
6.870171966E1,4.871059196E1,2.195152960E0,1.457453993E2,1.924456787E2,1.320000052E0,2.008999939E2,7.094733325E-1,3.790092468E0,2.500000000E0,2.900000000E1
6.969930909E1,4.871058204E1,2.195156520E0,1.459467520E2,1.926470337E2,1.259999990E0,1.836000061E2,7.105186736E-1,3.790092468E0,2.500000000E0,2.900000000E1
7.069957044E1,4.871057289E1,2.195153250E0,1.461764219E2,1.928767090E2,1.340000033E0,1.973000031E2,7.120387244E-1,3.790092468E0,2.500000000E0,2.900000000E1
7.170838086E1,4.871055930E1,2.195151010E0,1.461863639E2,1.928866577E2,1.370000005E0,1.890000000E2,7.134231172E-1,3.790092468E0,2.500000000E0,2.900000000E1
7.270392945E1,4.871054692E1,2.195149010E0,1.460953543E2,1.927956543E2,1.330000043E0,1.966000061E2,7.148575851E-1,3.790092468E0,2.500000000E0,2.900000000E1
7.370885096E1,4.871053458E1,2.195143310E0,1.453560275E2,1.920563354E2,1.330000043E0,1.986000061E2,7.169084166E-1,3.790092468E0,2.500000000E0,2.900000000E1
7.470161789E1,4.871051614E1,2.195143860E0,1.461500265E2,1.928503418E2,1.330000043E0,1.946999969E2,7.187389553E-1,3.790092468E0,2.691744804E0,2.900000000E1
7.570356476E1,4.871049977E1,2.195141220E0,1.462906434E2,1.929909668E2,1.360000014E0,1.973999939E2,7.205033026E-1,3.790092468E0,2.585503578E0,2.700000000E1
7.670402961E1,4.871048397E1,2.195139010E0,1.463381212E2,1.930384521E2,1.340000033E0,1.955000000E2,7.220170538E-1,3.790092468E0,2.500000000E0,2.700000000E1
7.771250200E1,4.871047121E1,2.195131820E0,1.463658833E2,1.930662231E2,1.389999986E0,2.158000031E2,7.233565398E-1,3.790092468E0,2.500000000E0,2.800000000E1
7.870177669E1,4.871046006E1,2.195138730E0,1.459531624E2,1.926535034E2,1.460000038E0,1.691999969E2,7.245334957E-1,3.790092468E0,2.500000000E0,2.800000000E1
7.970907153E1,4.871044957E1,2.195140870E0,1.460815161E2,1.927818604E2,1.240000010E0,1.805000000E2,7.259999538E-1,3.790092468E0,2.500000000E0,2.800000000E1
8.070356237E1,4.871043720E1,2.195147800E0,1.457655966E2,1.924659424E2,1.309999943E0,1.688000031E2,7.274170730E-1,3.790092468E0,2.500000000E0,2.800000000E1
8.171285591E1,4.871042480E1,2.195152260E0,1.454983818E2,1.921987305E2,1.240000010E0,1.716999969E2,7.287700276E-1,3.790092468E0,2.590416431E0,2.800000000E1
8.270769903E1,4.871041336E1,2.195158540E0,1.446632363E2,1.913635864E2,1.240000010E0,1.651000061E2,7.301658324E-1,3.790092468E0,2.603890181E0,2.800000000E1
8.370077314E1,4.871040213E1,2.195167040E0,1.448374303E2,1.915377808E2,1.289999962E0,1.596000061E2,7.317230011E-1,3.790092468E0,2.694904804E0,2.800000000E1
8.470939528E1,4.871039015E1,2.195178030E0,1.442644940E2,1.909648438E2,1.289999962E0,1.505000000E2,7.335139014E-1,3.790092468E0,2.590834856E0,2.800000000E1
8.570467221E1,4.871037553E1,2.195188270E0,1.430981113E2,1.897984619E2,1.259999990E0,1.558999939E2,7.355102248E-1,3.790092468E0,2.525449991E0,2.900000000E1
8.670873549E1,4.871036090E1,2.195204040E0,1.428448174E2,1.895451660E2,1.350000024E0,1.380000000E2,7.373159026E-1,3.790092468E0,2.500000000E0,3.000000000E1
8.770404413E1,4.871034884E1,2.195220520E0,1.429977139E2,1.896980591E2,1.259999990E0,1.358000031E2,7.390554713E-1,3.790092468E0,2.500000000E0,3.100000000E1
8.870768064E1,4.871033943E1,2.195239460E0,1.430506981E2,1.897510376E2,1.299999952E0,1.221999969E2,7.407684722E-1,3.790092468E0,2.500000000E0,3.100000000E1
8.970072596E1,4.871033105E1,2.195259050E0,1.437870938E2,1.904874268E2,1.379999995E0,1.179000015E2,7.425775463E-1,3.790092468E0,2.500000000E0,3.100000000E1
9.070756580E1,4.871032149E1,2.195279000E0,1.435795194E2,1.902798462E2,1.330000043E0,1.235000000E2,7.442721637E-1,3.790092468E0,2.500000000E0,3.100000000E1
9.170764757E1,4.871030888E1,2.195291970E0,1.438040692E2,1.905043945E2,1.429999948E0,1.483000031E2,7.459542711E-1,3.790092468E0,2.500000000E0,3.100000000E1
9.270791314E1,4.871029833E1,2.195308400E0,1.437648886E2,1.904652100E2,1.340000033E0,1.263000031E2,7.476625556E-1,3.790092468E0,2.500000000E0,3.100000000E1
9.370819575E1,4.871028579E1,2.195321850E0,1.435880104E2,1.902883301E2,1.370000005E0,1.391999969E2,7.493925433E-1,3.790092468E0,2.500000000E0,3.100000000E1
9.470997522E1,4.871027303E1,2.195335340E0,1.435939934E2,1.902943115E2,1.370000005E0,1.383000031E2,7.511801517E-1,3.790092468E0,2.500000000E0,3.100000000E1
9.570252814E1,4.871025826E1,2.195344960E0,1.428682842E2,1.895686035E2,1.330000043E0,1.438000031E2,7.529537751E-1,3.790092468E0,2.500000000E0,3.100000000E1
9.671006965E1,4.871024326E1,2.195353180E0,1.429105186E2,1.896108398E2,1.389999986E0,1.523999939E2,7.548619083E-1,3.790092468E0,2.500000000E0,3.100000000E1
9.770095324E1,4.871022783E1,2.195364560E0,1.424945634E2,1.891948853E2,1.500000000E0,1.413000031E2,7.566373406E-1,3.790092468E0,2.500000000E0,3.100000000E1
9.870845824E1,4.871021312E1,2.195373970E0,1.429510441E2,1.896513672E2,1.389999986E0,1.498000031E2,7.582127229E-1,3.790092468E0,2.500000000E0,3.000000000E1
9.970082278E1,4.871020015E1,2.195382610E0,1.428518610E2,1.895521851E2,1.259999990E0,1.493999939E2,7.598739011E-1,3.790092468E0,2.500000000E0,3.000000000E1
1.007058706E2,4.871018676E1,2.195392650E0,1.436553274E2,1.903556519E2,1.299999952E0,1.490000000E2,7.615168885E-1,3.790092468E0,2.500000000E0,3.000000000E1
1.017042204E2,4.871017363E1,2.195402920E0,1.436955493E2,1.903958740E2,1.289999962E0,1.466000061E2,7.632305691E-1,3.790092468E0,2.500000000E0,3.000000000E1
1.027024801E2,4.871016088E1,2.195416040E0,1.442402895E2,1.909406128E2,1.429999948E0,1.438999939E2,7.649494960E-1,3.790092468E0,2.500000000E0,2.900000000E1
1.036956028E2,4.871014614E1,2.195423100E0,1.439120400E2,1.906123657E2,1.450000048E0,1.661000061E2,7.665577520E-1,3.790092468E0,2.500000000E0,2.900000000E1
1.047011569E2,4.871013181E1,2.195426070E0,1.435351435E2,1.902354736E2,1.370000005E0,1.736999969E2,7.681804964E-1,3.790092468E0,2.500000000E0,2.900000000E1
1.057070146E2,4.871011779E1,2.195432210E0,1.431186369E2,1.898189697E2,1.480000019E0,1.683000031E2,7.699264226E-1,3.790092468E0,2.500000000E0,3.000000000E1
1.067037487E2,4.871010252E1,2.195437750E0,1.437983820E2,1.904987183E2,1.470000029E0,1.668999939E2,7.715928189E-1,3.790092468E0,2.500000000E0,3.000000000E1
1.077016198E2,4.871008801E1,2.195443430E0,1.441062402E2,1.908065796E2,1.389999986E0,1.620000000E2,7.733135125E-1,3.790092468E0,2.500000000E0,3.000000000E1
1.087013539E2,4.871007350E1,2.195451580E0,1.442730475E2,1.909733887E2,1.500000000E0,1.581000061E2,7.750325314E-1,3.790092468E0,2.500000000E0,3.000000000E1
1.097057034E2,4.871005990E1,2.195462720E0,1.446302863E2,1.913306274E2,1.480000019E0,1.515000000E2,7.769708938E-1,3.790092468E0,2.500000000E0,3.000000000E1
1.107021686E2,4.871004460E1,2.195475380E0,1.446731331E2,1.913734741E2,1.590000033E0,1.535000000E2,7.787521677E-1,3.790092468E0,2.500000000E0,3.000000000E1
1.116992256E2,4.871002897E1,2.195480700E0,1.449726289E2,1.916729736E2,1.490000010E0,1.616999969E2,7.807091275E-1,3.790092468E0,2.500000000E0,3.000000000E1
1.126997090E2,4.871001140E1,2.195482240E0,1.448120389E2,1.915123901E2,1.600000024E0,1.776000061E2,7.826004110E-1,3.790092468E0,2.500000000E0,3.000000000E1
1.137030161E2,4.870999445E1,2.195484380E0,1.451118377E2,1.918121948E2,1.480000019E0,1.720000000E2,7.846138214E-1,3.790092468E0,2.500000000E0,3.000000000E1
1.147019159E2,4.870997636E1,2.195485570E0,1.451522972E2,1.918526611E2,1.669999957E0,1.835000000E2,7.863237497E-1,3.790092468E0,2.500000000E0,3.000000000E1
1.157048352E2,4.870996099E1,2.195486310E0,1.450239953E2,1.917243652E2,1.509999990E0,1.878000031E2,7.878289306E-1,3.790092468E0,2.500000000E0,2.800000000E1
1.167013423E2,4.870994747E1,2.195487320E0,1.450753208E2,1.917756958E2,1.480000019E0,1.860000000E2,7.896671959E-1,3.790092468E0,2.500000000E0,2.800000000E1
1.177111843E2,4.870993126E1,2.195492240E0,1.454310906E2,1.921314697E2,1.750000000E0,1.738000031E2,7.915535587E-1,3.790092468E0,2.500000000E0,2.800000000E1
1.187022395E2,4.870991430E1,2.195491650E0,1.450768963E2,1.917772827E2,1.710000038E0,1.870000000E2,7.935235277E-1,3.790092468E0,2.500000000E0,2.800000000E1
1.197086962E2,4.870989666E1,2.195489160E0,1.446725298E2,1.913729248E2,1.710000038E0,1.880000000E2,7.955216295E-1,3.790092468E0,2.500000000E0,2.800000000E1
1.207002880E2,4.870987895E1,2.195484550E0,1.443162580E2,1.910166626E2,1.710000038E0,1.938999939E2,7.975411986E-1,3.790092468E0,2.500000000E0,2.700000000E1
1.217072127E2,4.870986085E1,2.195482270E0,1.440646624E2,1.907650757E2,1.700000048E0,1.873000031E2,7.993907793E-1,3.790092468E0,2.500000000E0,2.700000000E1
1.227071463E2,4.870984444E1,2.195478150E0,1.438443167E2,1.905447388E2,1.600000024E0,1.923999939E2,8.013525041E-1,3.790092468E0,2.500000000E0,2.800000000E1
1.237069974E2,4.870982689E1,2.195475420E0,1.438923427E2,1.905927734E2,1.700000048E0,1.903000031E2,8.033291054E-1,3.790092468E0,2.500000000E0,2.800000000E1
1.247077698E2,4.870980912E1,2.195476120E0,1.438854998E2,1.905859375E2,1.710000038E0,1.783000031E2,8.053626653E-1,3.790092468E0,2.500000000E0,2.800000000E1
1.257098052E2,4.870979101E1,2.195479980E0,1.435685998E2,1.902690430E2,1.730000019E0,1.850000000E2,8.073260781E-1,3.790092468E0,2.500000000E0,2.900000000E1
1.267084885E2,4.870977338E1,2.195481470E0,1.432650044E2,1.899654541E2,1.720000029E0,1.858000031E2,8.092293182E-1,3.790092468E0,2.500000000E0,2.900000000E1
1.277052856E2,4.870975628E1,2.195482600E0,1.432376542E2,1.899381104E2,1.730000019E0,1.843000031E2,8.109858634E-1,3.790092468E0,2.500000000E0,2.800000000E1
1.287017035E2,4.870974050E1,2.195481490E0,1.431241827E2,1.898246460E2,1.610000014E0,1.826000061E2,8.126727823E-1,3.790092468E0,2.500000000E0,2.800000000E1
1.297047638E2,4.870972533E1,2.195481250E0,1.427710880E2,1.894715576E2,1.570000052E0,1.831999969E2,8.143698975E-1,3.790092468E0,2.500000000E0,2.900000000E1
1.307009465E2,4.870971032E1,2.195477060E0,1.422723004E2,1.889727783E2,1.549999952E0,1.893999939E2,8.161185478E-1,3.790092468E0,2.500000000E0,2.900000000E1
1.317065053E2,4.870969467E1,2.195474720E0,1.420923611E2,1.887928467E2,1.590000033E0,1.848999939E2,8.177800378E-1,3.790092468E0,2.500000000E0,2.900000000E1
1.327007655E2,4.870967978E1,2.195476610E0,1.419744360E2,1.886749268E2,1.580000043E0,1.773000031E2,8.193850880E-1,3.790092468E0,2.500000000E0,3.000000000E1
1.337050769E2,4.870966535E1,2.195476060E0,1.418479649E2,1.885484619E2,1.590000033E0,1.841999969E2,8.210274010E-1,3.790092468E0,2.500000000E0,2.900000000E1
1.347046548E2,4.870965064E1,2.195474050E0,1.415966761E2,1.882971802E2,1.529999971E0,1.890000000E2,8.227746952E-1,3.790092468E0,2.500000000E0,2.900000000E1
1.357079687E2,4.870963495E1,2.195475360E0,1.414020902E2,1.881026001E2,1.629999995E0,1.848999939E2,8.244133749E-1,3.790092468E0,2.500000000E0,2.900000000E1
1.367082830E2,4.870962029E1,2.195473080E0,1.410883013E2,1.877888184E2,1.600000024E0,1.926999969E2,8.261016114E-1,3.790092468E0,2.500000000E0,2.800000000E1
1.377033702E2,4.870960512E1,2.195474020E0,1.411524435E2,1.878529663E2,1.570000052E0,1.836999969E2,8.277435628E-1,3.790092468E0,2.500000000E0,2.900000000E1
1.387135534E2,4.870959036E1,2.195474680E0,1.414115320E2,1.881120605E2,1.590000033E0,1.821999969E2,8.293396911E-1,3.790092468E0,2.500000000E0,3.000000000E1
1.397072345E2,4.870957612E1,2.195471940E0,1.407776746E2,1.874782104E2,1.539999962E0,1.921000061E2,8.311415516E-1,3.790092468E0,2.500000000E0,3.000000000E1
1.407088723E2,4.870955992E1,2.195471360E0,1.404574772E2,1.871580200E2,1.720000029E0,1.853000031E2,8.330068402E-1,3.790092468E0,2.500000000E0,3.000000000E1
1.417097544E2,4.870954318E1,2.195473000E0,1.405124638E2,1.872130127E2,1.720000029E0,1.833999939E2,8.348642520E-1,3.790092468E0,2.500000000E0,3.000000000E1
1.427007063E2,4.870952660E1,2.195476080E0,1.404031446E2,1.871036987E2,1.730000019E0,1.833999939E2,8.365495116E-1,3.790092468E0,2.500000000E0,3.000000000E1
1.437105609E2,4.870951148E1,2.195474500E0,1.400258182E2,1.867263794E2,1.559999943E0,1.915000000E2,8.382190166E-1,3.790092468E0,2.500000000E0,2.900000000E1
1.447061700E2,4.870949648E1,2.195473510E0,1.395743955E2,1.862749634E2,1.559999943E0,1.868000031E2,8.399270110E-1,3.790092468E0,2.500000000E0,2.900000000E1
1.457031020E2,4.870948112E1,2.195473350E0,1.393477045E2,1.860482788E2,1.669999957E0,1.858000031E2,8.415957814E-1,3.790092468E0,2.500000000E0,2.900000000E1
1.467045351E2,4.870946619E1,2.195471040E0,1.388375043E2,1.855380859E2,1.620000005E0,1.898999939E2,8.431786970E-1,3.790092468E0,2.500000000E0,3.100000000E1
1.477076334E2,4.870945212E1,2.195467760E0,1.385440398E2,1.852446289E2,1.600000024E0,1.931000061E2,8.448992072E-1,3.790092468E0,2.500000000E0,3.100000000E1
1.487026936E2,4.870943675E1,2.195465060E0,1.381153822E2,1.848159790E2,1.620000005E0,1.898999939E2,8.464934183E-1,3.790092468E0,2.500000000E0,3.100000000E1
1.497082162E2,4.870942249E1,2.195462810E0,1.375680730E2,1.842686768E2,1.529999971E0,1.891999969E2,8.480500990E-1,3.790092468E0,2.500000000E0,3.100000000E1
1.507022385E2,4.870940888E1,2.195457840E0,1.375927841E2,1.842933960E2,1.639999986E0,1.981000061E2,8.498285014E-1,3.790092468E0,2.500000000E0,3.100000000E1
1.517036231E2,4.870939358E1,2.195450780E0,1.372144172E2,1.839150391E2,1.799999952E0,1.933000031E2,8.514469568E-1,3.790092468E0,2.500000000E0,3.200000000E1
1.527027058E2,4.870937923E1,2.195447090E0,1.373881766E2,1.840888062E2,1.679999948E0,1.863999939E2,8.531028866E-1,3.790092468E0,2.500000000E0,3.100000000E1
1.537056875E2,4.870936436E1,2.195445860E0,1.374933334E2,1.841939697E2,1.620000005E0,1.803000031E2,8.547285240E-1,3.790092468E0,2.500000000E0,3.100000000E1
1.547099135E2,4.870934976E1,2.195444710E0,1.372502237E2,1.839508667E2,1.740000010E0,1.795000000E2,8.564886638E-1,3.790092468E0,2.500000000E0,3.100000000E1
1.557080319E2,4.870933406E1,2.195441650E0,1.373242514E2,1.840249023E2,1.789999962E0,1.856999969E2,8.581292318E-1,3.790092468E0,2.500000000E0,3.100000000E1
1.567084315E2,4.870931937E1,2.195439570E0,1.371721446E2,1.838728027E2,1.690000057E0,1.880000000E2,8.599930276E-1,3.790092468E0,2.500000000E0,3.100000000E1
1.577034496E2,4.870930266E1,2.195437580E0,1.372204766E2,1.839211426E2,1.740000010E0,1.843000031E2,8.617736885E-1,3.790092468E0,2.500000000E0,3.100000000E1
1.587030010E2,4.870928685E1,2.195433720E0,1.368950897E2,1.835957642E2,1.720000029E0,1.895000000E2,8.635660786E-1,3.790092468E0,2.500000000E0,3.100000000E1
1.597029963E2,4.870927098E1,2.195429440E0,1.367297367E2,1.834304199E2,1.809999943E0,1.926999969E2,8.652230003E-1,3.790092468E0,2.500000000E0,3.100000000E1
1.607030756E2,4.870925610E1,2.195428240E0,1.366984800E2,1.833991699E2,1.730000019E0,1.826000061E2,8.668616870E-1,3.790092468E0,2.500000000E0,3.000000000E1
1.617123409E2,4.870924156E1,2.195424600E0,1.367449199E2,1.834456177E2,1.759999990E0,1.901000061E2,8.685675277E-1,3.790092468E0,2.500000000E0,2.900000000E1
1.627031959E2,4.870922623E1,2.195423720E0,1.367756749E2,1.834763794E2,1.769999981E0,1.858000031E2,8.703241648E-1,3.790092468E0,2.500000000E0,2.900000000E1
1.637064376E2,4.870921053E1,2.195426380E0,1.368338363E2,1.835345459E2,1.720000029E0,1.801000061E2,8.721299704E-1,3.790092468E0,2.500000000E0,2.900000000E1
1.647001803E2,4.870919429E1,2.195426380E0,1.360744912E2,1.827752075E2,1.679999948E0,1.835000000E2,8.738250021E-1,3.790092468E0,2.500000000E0,2.900000000E1
1.657101844E2,4.870917907E1,2.195427670E0,1.355920637E2,1.822927856E2,1.710000038E0,1.786000061E2,8.755238884E-1,3.790092468E0,2.500000000E0,2.800000000E1
1.667019616E2,4.870916380E1,2.195428440E0,1.352959152E2,1.819966431E2,1.669999957E0,1.806000061E2,8.774235488E-1,3.790092468E0,2.500000000E0,2.700000000E1
1.677082655E2,4.870914673E1,2.195427390E0,1.351818329E2,1.818825684E2,1.690000057E0,1.880000000E2,8.791995866E-1,3.790092468E0,2.500000000E0,2.800000000E1
1.687118396E2,4.870913076E1,2.195427800E0,1.353142729E2,1.820150146E2,1.629999995E0,1.861999969E2,8.809404011E-1,3.790092468E0,2.500000000E0,3.000000000E1
1.697091552E2,4.870911511E1,2.195428430E0,1.352163053E2,1.819170532E2,1.649999976E0,1.908999939E2,8.824949825E-1,3.790092468E0,2.500000000E0,3.000000000E1
1.707038920E2,4.870910113E1,2.195428220E0,1.350330109E2,1.817337646E2,1.649999976E0,1.908000031E2,8.841087620E-1,3.790092468E0,2.500000000E0,3.100000000E1
1.717048723E2,4.870908673E1,2.195425480E0,1.347384479E2,1.814392090E2,1.620000005E0,1.956999969E2,8.857388154E-1,3.790092468E0,2.500000000E0,3.100000000E1
1.727084875E2,4.870907216E1,2.195423030E0,1.347273322E2,1.814281006E2,1.639999986E0,1.915000000E2,8.875035396E-1,3.790092468E0,2.500000000E0,3.100000000E1
1.737045713E2,4.870905637E1,2.195420610E0,1.347523489E2,1.814531250E2,1.620000005E0,1.888999939E2,8.893496577E-1,3.790092468E0,2.500000000E0,3.100000000E1
1.747075022E2,4.870903982E1,2.195418610E0,1.347456272E2,1.814464111E2,1.720000029E0,1.881000061E2,8.911789049E-1,3.790092468E0,2.500000000E0,3.100000000E1
1.757036863E2,4.870902361E1,2.195414360E0,1.342871223E2,1.809879150E2,1.700000048E0,1.998000031E2,8.928731692E-1,3.790092468E0,2.500000000E0,3.100000000E1
1.767043398E2,4.870900842E1,2.195412550E0,1.339445248E2,1.806453247E2,1.620000005E0,1.926999969E2,8.947108113E-1,3.790092468E0,2.500000000E0,2.800000000E1
1.777049069E2,4.870899203E1,2.195409340E0,1.334833347E2,1.801841431E2,1.679999948E0,1.930000000E2,8.965538418E-1,3.790092468E0,2.500000000E0,2.800000000E1
1.787076892E2,4.870897588E1,2.195403690E0,1.333984863E2,1.800993042E2,1.750000000E0,2.013999939E2,8.983780244E-1,3.790092468E0,2.500000000E0,2.700000000E1
1.797075590E2,4.870895948E1,2.195404320E0,1.332023740E2,1.799031982E2,1.789999962E0,1.846000061E2,9.002138633E-1,3.790092468E0,2.500000000E0,2.700000000E1
1.807075770E2,4.870894300E1,2.195402810E0,1.328995710E2,1.796004028E2,1.740000010E0,1.871999969E2,9.020162600E-1,3.790092468E0,2.500000000E0,2.800000000E1
1.817022895E2,4.870892685E1,2.195404910E0,1.327083422E2,1.794091797E2,1.710000038E0,1.786999969E2,9.039566254E-1,3.790092468E0,2.500000000E0,2.800000000E1
1.827105544E2,4.870890940E1,2.195405010E0,1.326308815E2,1.793317261E2,1.789999962E0,1.830000000E2,9.058126616E-1,3.790092468E0,2.500000000E0,2.800000000E1
1.837065900E2,4.870889276E1,2.195403020E0,1.323383321E2,1.790391846E2,1.690000057E0,1.891999969E2,9.074782665E-1,3.790092468E0,2.500000000E0,2.900000000E1
1.848270953E2,4.870887782E1,2.195401380E0,1.326373364E2,1.793381958E2,1.700000048E0,1.860000000E2,9.091835261E-1,3.790092468E0,2.500000000E0,2.900000000E1
1.857067806E2,4.870886255E1,2.195399230E0,1.325433959E2,1.792442627E2,1.679999948E0,1.840000000E2,9.108194307E-1,3.790092468E0,2.500000000E0,3.000000000E1
1.867065027E2,4.870884793E1,2.195396740E0,1.325480883E2,1.792489624E2,1.639999986E0,1.866000061E2,9.125426278E-1,3.790092468E0,2.500000000E0,3.000000000E1
1.876984721E2,4.870883244E1,2.195396030E0,1.321154033E2,1.788162842E2,1.740000010E0,1.851999969E2,9.142093294E-1,3.790092468E0,2.500000000E0,2.900000000E1
1.886995064E2,4.870881763E1,2.195399530E0,1.315342222E2,1.782351074E2,1.639999986E0,1.778999939E2,9.158599508E-1,3.790092468E0,2.500000000E0,3.000000000E1
1.897016116E2,4.870880293E1,2.195402660E0,1.313628311E2,1.780637207E2,1.570000052E0,1.895000000E2,9.176769761E-1,3.790092468E0,2.500000000E0,3.000000000E1
1.907083386E2,4.870878659E1,2.195402920E0,1.309937449E2,1.776946411E2,1.710000038E0,1.891999969E2,9.193336714E-1,3.790092468E0,2.500000000E0,3.100000000E1
1.917042826E2,4.870877174E1,2.195404750E0,1.314329487E2,1.781338501E2,1.679999948E0,1.868999939E2,9.208756555E-1,3.790092468E0,2.500000000E0,3.000000000E1
1.927083515E2,4.870875793E1,2.195406660E0,1.314506441E2,1.781515503E2,1.539999962E0,1.871000061E2,9.225996758E-1,3.790092468E0,2.500000000E0,2.800000000E1
1.936999319E2,4.870874245E1,2.195405340E0,1.316817772E2,1.783826904E2,1.799999952E0,1.918999939E2,9.243396553E-1,3.790092468E0,2.500000000E0,2.800000000E1
1.947119757E2,4.870872686E1,2.195403300E0,1.319050974E2,1.786060181E2,1.639999986E0,1.898000031E2,9.261788141E-1,3.790092468E0,2.500000000E0,2.800000000E1
1.957005899E2,4.870871059E1,2.195398790E0,1.323753643E2,1.790762939E2,1.649999976E0,1.916000061E2,9.280352934E-1,3.790092468E0,2.500000000E0,2.800000000E1
1.967096632E2,4.870869440E1,2.195392610E0,1.328906743E2,1.795916138E2,1.629999995E0,1.925000000E2,9.298847210E-1,3.790092468E0,2.500000000E0,2.800000000E1
1.977018315E2,4.870867791E1,2.195389320E0,1.331613568E2,1.798623047E2,1.669999957E0,1.950000000E2,9.317349493E-1,3.790092468E0,2.500000000E0,2.800000000E1
1.987090291E2,4.870866144E1,2.195385730E0,1.335502642E2,1.802512207E2,1.690000057E0,1.913999939E2,9.334558452E-1,3.790092468E0,2.500000000E0,2.800000000E1
1.997005925E2,4.870864603E1,2.195383560E0,1.337007084E2,1.804016724E2,1.559999943E0,1.926999969E2,9.351707182E-1,3.790092468E0,2.500000000E0,3.000000000E1
2.007100506E2,4.870863064E1,2.195382050E0,1.344283624E2,1.811293335E2,1.610000014E0,1.863999939E2,9.368034086E-1,3.790092468E0,2.500000000E0,3.100000000E1
2.016995298E2,4.870861596E1,2.195381590E0,1.347813224E2,1.814822998E2,1.629999995E0,1.866000061E2,9.384657890E-1,3.790092468E0,2.500000000E0,3.100000000E1
2.027103053E2,4.870860101E1,2.195381490E0,1.353407645E2,1.820417480E2,1.639999986E0,1.861999969E2,9.398025384E-1,3.790092468E0,2.500000000E0,3.100000000E1
2.037025899E2,4.870858907E1,2.195379370E0,1.351729728E2,1.818739624E2,1.230000019E0,1.901000061E2,9.411524833E-1,3.790092468E0,2.500000000E0,3.100000000E1
2.047086136E2,4.870857696E1,2.195378070E0,1.355143368E2,1.822153320E2,1.399999976E0,1.815000000E2,9.427690520E-1,3.790092468E0,2.500000000E0,3.200000000E1
2.057018049E2,4.870856256E1,2.195375040E0,1.359059309E2,1.826069336E2,1.610000014E0,1.886999969E2,9.443624130E-1,3.790092468E0,2.500000000E0,3.100000000E1
2.067094036E2,4.870854827E1,2.195373430E0,1.360215248E2,1.827225342E2,1.559999943E0,1.835000000E2,9.458544322E-1,3.790092468E0,2.500000000E0,3.100000000E1
2.077031189E2,4.870853493E1,2.195371240E0,1.361860689E2,1.828870850E2,1.539999962E0,1.851999969E2,9.477500531E-1,3.790092468E0,2.500000000E0,3.100000000E1
2.086999765E2,4.870851835E1,2.195365230E0,1.375739985E2,1.842750244E2,1.809999943E0,1.933000031E2,9.498113440E-1,3.790092468E0,2.500000000E0,3.000000000E1
2.097060145E2,4.870850028E1,2.195358960E0,1.379604015E2,1.846614380E2,2.210000038E0,1.946999969E2,9.520451794E-1,3.790092468E0,2.500000000E0,2.700000000E1
2.107006912E2,4.870848122E1,2.195349340E0,1.383538213E2,1.850548706E2,2.289999962E0,1.953999939E2,9.542131299E-1,3.790092468E0,2.500000000E0,2.300000000E1
2.117058817E2,4.870846198E1,2.195344560E0,1.399031274E2,1.866041870E2,2.289999962E0,1.845000000E2,9.563080410E-1,3.790092468E0,2.500000000E0,2.500000000E1
2.127008675E2,4.870844454E1,2.195333760E0,1.406117939E2,1.873128662E2,2.289999962E0,1.971999969E2,9.584798105E-1,3.790092468E0,2.500000000E0,2.700000000E1
2.137101246E2,4.870842594E1,2.195324730E0,1.414799457E2,1.881810303E2,2.440000057E0,1.990000000E2,9.593696358E-1,3.790092468E0,2.500000000E0,2.700000000E1
2.147015902E2,4.870841797E1,2.195323640E0,1.413308940E2,1.880319824E2,1.039999962E0,1.733999939E2,9.598608533E-1,3.790092468E0,2.500000000E0,2.700000000E1
2.157030364E2,4.870841388E1,2.195321110E0,1.410542797E2,1.877553711E2,6.800000072E-1,1.940000000E2,9.604334184E-1,3.790092468E0,2.500000000E0,2.900000000E1
2.167011161E2,4.870840900E1,2.195318620E0,1.411629190E2,1.878640137E2,7.400000095E-1,1.968000031E2,9.610586841E-1,3.790092468E0,2.500000000E0,2.900000000E1
2.177093316E2,4.870840345E1,2.195317250E0,1.406815318E2,1.873826294E2,7.599999905E-1,1.936999969E2,9.622065544E-1,3.790092468E0,2.500000000E0,2.900000000E1
2.186985328E2,4.870839313E1,2.195317630E0,1.406896454E2,1.873907471E2,1.070000052E0,1.798999939E2,9.636198589E-1,3.790092468E0,2.500000000E0,3.000000000E1
2.197007204E2,4.870838051E1,2.195315340E0,1.410313138E2,1.877324219E2,1.429999948E0,1.881999969E2,9.649185787E-1,3.790092468E0,2.500000000E0,3.000000000E1
2.206989152E2,4.870836884E1,2.195316060E0,1.408403914E2,1.875415039E2,1.309999943E0,1.771000061E2,9.663559845E-1,3.790092468E0,2.500000000E0,3.100000000E1
2.217007688E2,4.870835592E1,2.195315420E0,1.406288379E2,1.873299561E2,1.549999952E0,1.890000000E2,9.678987534E-1,3.790092468E0,2.500000000E0,3.000000000E1
2.227050542E2,4.870834218E1,2.195312500E0,1.403953713E2,1.870964966E2,1.759999990E0,1.883999939E2,9.696676817E-1,3.790092468E0,2.500000000E0,3.000000000E1
2.237036874E2,4.870832650E1,2.195308430E0,1.413152847E2,1.880164185E2,1.840000033E0,1.911999969E2,9.715336739E-1,3.790092468E0,2.500000000E0,2.800000000E1
2.247014020E2,4.870830974E1,2.195307150E0,1.416895447E2,1.883906860E2,1.899999976E0,1.851000061E2,9.729679848E-1,3.790092468E0,2.500000000E0,2.600000000E1
2.257050167E2,4.870829720E1,2.195311730E0,1.421487093E2,1.888498535E2,1.470000029E0,1.763000031E2,9.747654320E-1,3.790092468E0,2.500000000E0,2.600000000E1
2.267055087E2,4.870828149E1,2.195305960E0,1.420413391E2,1.887424927E2,2.009999990E0,1.993000031E2,9.759642778E-1,3.790092468E0,2.500000000E0,2.400000000E1
2.277090527E2,4.870827103E1,2.195302000E0,1.408840452E2,1.875852051E2,9.900000095E-1,1.815000000E2,9.781133812E-1,3.790092468E0,2.500000000E0,2.400000000E1
2.287019694E2,4.870825174E1,2.195300180E0,1.425294220E2,1.892305908E2,1.879999995E0,1.808999939E2,9.801777613E-1,3.790092468E0,2.500000000E0,2.400000000E1
2.297188402E2,4.870823391E1,2.195292340E0,1.435145792E2,1.902157593E2,1.970000029E0,1.933999939E2,9.818022682E-1,3.790092468E0,2.500000000E0,2.400000000E1
2.307068226E2,4.870821931E1,2.195291540E0,1.437469336E2,1.904481201E2,1.870000005E0,1.926000061E2,9.826621755E-1,3.790092468E0,2.500000000E0,2.400000000E1
2.317083310E2,4.870821199E1,2.195295320E0,1.433014979E2,1.900026855E2,1.039999962E0,1.808000031E2,9.834118607E-1,3.790092468E0,2.500000000E0,2.500000000E1
2.327064194E2,4.870820532E1,2.195296810E0,1.429495672E2,1.896507568E2,1.039999962E0,1.758999939E2,9.843120834E-1,3.790092468E0,2.500000000E0,2.600000000E1
2.337048449E2,4.870819746E1,2.195293870E0,1.413431172E2,1.880443115E2,8.100000024E-1,2.106999969E2,9.863383628E-1,3.790092468E0,2.500000000E0,2.600000000E1
2.347078745E2,4.870817926E1,2.195295250E0,1.422870801E2,1.889882812E2,2.059999943E0,1.871000061E2,9.884409698E-1,3.790092468E0,2.500000000E0,2.600000000E1
2.357084963E2,4.870816044E1,2.195298030E0,1.425850474E2,1.892862549E2,2.160000086E0,1.871000061E2,9.905705482E-1,3.790092468E0,2.500000000E0,2.600000000E1
2.367105909E2,4.870814136E1,2.195300540E0,1.438960149E2,1.905972290E2,2.200000048E0,1.823999939E2,9.923697074E-1,3.790092468E0,2.500000000E0,2.600000000E1
2.377222027E2,4.870812518E1,2.195300410E0,1.453876464E2,1.920888672E2,2.130000114E0,1.881000061E2,9.941134439E-1,3.790092468E0,2.500000000E0,2.500000000E1
2.387009777E2,4.870810950E1,2.195300770E0,1.457177182E2,1.924189453E2,2.140000105E0,1.876000061E2,9.956873105E-1,3.790092468E0,2.500000000E0,2.400000000E1
2.397024482E2,4.870809589E1,2.195306660E0,1.462514681E2,1.929526978E2,2.150000095E0,1.830000000E2,9.970371236E-1,3.790092468E0,2.500000000E0,2.400000000E1
2.407012712E2,4.870808444E1,2.195312770E0,1.453129288E2,1.920141602E2,2.089999914E0,1.868000031E2,9.982119852E-1,3.790092468E0,2.500000000E0,2.400000000E1
2.417086782E2,4.870807423E1,2.195316890E0,1.450203852E2,1.917216187E2,1.990000010E0,1.845000000E2,9.993751353E-1,3.790092468E0,2.500000000E0,2.400000000E1
2.427014488E2,4.870806440E1,2.195322310E0,1.445012799E2,1.912025146E2,1.850000024E0,1.845000000E2,1.000270018E0,3.790092468E0,2.500000000E0,2.500000000E1
2.437060416E2,4.870805641E1,2.195320850E0,1.444753970E2,1.911766357E2,1.759999990E0,1.951000061E2,1.001450736E0,3.790092468E0,2.500000000E0,2.600000000E1
2.447096516E2,4.870804593E1,2.195318260E0,1.451297492E2,1.918309937E2,1.730000019E0,1.933999939E2,1.002679544E0,3.790092468E0,2.500000000E0,2.700000000E1
2.457097746E2,4.870803492E1,2.195319700E0,1.438870086E2,1.905882568E2,1.850000024E0,1.866000061E2,1.003784109E0,3.790092468E0,2.500000000E0,2.700000000E1
2.467088596E2,4.870802510E1,2.195317430E0,1.432884927E2,1.899897461E2,1.870000005E0,1.895000000E2,1.005322439E0,3.790092468E0,2.500000000E0,2.700000000E1
2.477024220E2,4.870801293E1,2.195307460E0,1.438221740E2,1.905234375E2,1.980000019E0,1.995000000E2,1.006611513E0,3.790092468E0,2.500000000E0,2.800000000E1
2.487010840E2,4.870800171E1,2.195303040E0,1.435134513E2,1.902147217E2,1.539999962E0,1.908000031E2,1.007569188E0,3.790092468E0,2.500000000E0,2.700000000E1
2.496980768E2,4.870799416E1,2.195296760E0,1.438021413E2,1.905034180E2,1.309999943E0,1.970000000E2,1.007952655E0,3.790092468E0,2.500000000E0,2.700000000E1
2.507130685E2,4.870799110E1,2.195294350E0,1.421028591E2,1.888041382E2,9.100000262E-1,1.918000031E2,1.008326886E0,3.790092468E0,2.500000000E0,2.700000000E1
2.517010191E2,4.870798786E1,2.195292970E0,1.410055059E2,1.877067871E2,7.599999905E-1,1.961000061E2,1.008675590E0,3.790092468E0,2.500000000E0,2.700000000E1
2.527028045E2,4.870798968E1,2.195296840E0,1.387012484E2,1.854025269E2,3.899999857E-1,1.916999969E2,1.009299656E0,3.790092468E0,2.500000000E0,2.700000000E1
2.536994876E2,4.870798493E1,2.195301370E0,1.381273352E2,1.848286133E2,1.009999990E0,1.828000031E2,1.009659301E0,3.790092468E0,2.500000000E0,2.600000000E1
2.547095647E2,4.870798218E1,2.195303950E0,1.367833412E2,1.834846191E2,7.599999905E-1,1.866999969E2,1.009895633E0,3.790092468E0,2.618884325E0,2.600000000E1
2.557024050E2,4.870798084E1,2.195306450E0,1.347996993E2,1.815009766E2,8.100000024E-1,1.943999939E2,1.010494700E0,3.790092468E0,2.500000000E0,2.600000000E1
2.567110666E2,4.870798544E1,2.195310700E0,1.327779749E2,1.794792480E2,5.199999809E-1,1.973000031E2,1.011040492E0,3.790092468E0,2.500000000E0,2.600000000E1
2.576984835E2,4.870798567E1,2.195318130E0,1.313653201E2,1.780665894E2,7.900000215E-1,1.796000061E2,1.011603457E0,3.790092468E0,2.500000000E0,2.600000000E1
2.587095057E2,4.870798347E1,2.195325040E0,1.302022367E2,1.769035034E2,7.599999905E-1,1.803999939E2,1.012393103E0,3.790092468E0,2.500000000E0,2.600000000E1
2.596999828E2,4.870797737E1,2.195330550E0,1.290710725E2,1.757723389E2,1.059999943E0,1.803999939E2,1.013078544E0,3.790092468E0,2.500000000E0,2.400000000E1
2.607027524E2,4.870797173E1,2.195334320E0,1.281988797E2,1.749001465E2,8.399999738E-1,1.818000031E2,1.013501910E0,3.790092468E0,2.500000000E0,2.500000000E1
2.617001269E2,4.870796807E1,2.195335910E0,1.272579000E2,1.739591675E2,7.799999714E-1,1.918999939E2,1.013839549E0,3.790092468E0,2.500000000E0,2.500000000E1
2.627008822E2,4.870796504E1,2.195336210E0,1.257488657E2,1.724501343E2,7.300000191E-1,1.928999939E2,1.014269876E0,3.790092468E0,2.500000000E0,2.500000000E1
2.636992837E2,4.870796117E1,2.195336230E0,1.245920037E2,1.712932739E2,9.100000262E-1,1.921000061E2,1.014598912E0,3.790092468E0,2.500000000E0,2.600000000E1
2.647003163E2,4.870795844E1,2.195334500E0,1.237751072E2,1.704763794E2,1.049999952E0,1.910000000E2,1.015578628E0,3.790092468E0,2.500000000E0,2.300000000E1
2.657011207E2,4.870794963E1,2.195334680E0,1.226678649E2,1.693691406E2,1.669999957E0,1.831000061E2,1.016817451E0,3.790092468E0,2.500000000E0,2.400000000E1
2.667008789E2,4.870793850E1,2.195333930E0,1.213159312E2,1.680172119E2,1.879999995E0,1.850000000E2,1.018145804E0,3.790092468E0,2.500000000E0,2.500000000E1
2.677018877E2,4.870792660E1,2.195332340E0,1.204765700E2,1.671778564E2,1.779999971E0,1.853999939E2,1.019280825E0,3.790092468E0,2.500000000E0,2.600000000E1
2.687096490E2,4.870791654E1,2.195329720E0,1.196112081E2,1.663125000E2,1.669999957E0,1.913999939E2,1.020579277E0,3.790092468E0,2.500000000E0,2.600000000E1
2.697043749E2,4.870790519E1,2.195325560E0,1.189502516E2,1.656515503E2,1.659999967E0,1.908000031E2,1.021995500E0,3.790092468E0,2.500000000E0,2.600000000E1
2.707082956E2,4.870789274E1,2.195321490E0,1.185638919E2,1.652651978E2,1.659999967E0,1.886999969E2,1.023513341E0,3.790092468E0,2.500000000E0,2.600000000E1
2.717028970E2,4.870787909E1,2.195321360E0,1.181542182E2,1.648555298E2,1.600000024E0,1.838999939E2,1.025035974E0,3.790092468E0,2.500000000E0,2.800000000E1
2.727047433E2,4.870786540E1,2.195320900E0,1.177482675E2,1.644495850E2,1.519999981E0,1.871999969E2,1.026622761E0,3.790092468E0,2.500000000E0,2.800000000E1
2.737054520E2,4.870785132E1,2.195324420E0,1.174029266E2,1.641042480E2,1.610000014E0,1.726999969E2,1.027976864E0,3.790092468E0,2.500000000E0,2.800000000E1
2.747087477E2,4.870783926E1,2.195326980E0,1.167925714E2,1.634938965E2,1.419999957E0,1.763999939E2,1.029234109E0,3.790092468E0,2.500000000E0,2.800000000E1
2.757086957E2,4.870782851E1,2.195332290E0,1.163016639E2,1.630029907E2,1.470000029E0,1.653999939E2,1.030545632E0,3.790092468E0,2.500000000E0,2.700000000E1
2.767070552E2,4.870781672E1,2.195331780E0,1.163820420E2,1.630833740E2,1.440000057E0,1.818999939E2,1.031998024E0,3.790092468E0,2.500000000E0,2.700000000E1
2.777029310E2,4.870780370E1,2.195330200E0,1.158340622E2,1.625354004E2,1.389999986E0,1.796000061E2,1.033436137E0,3.790092468E0,2.500000000E0,2.700000000E1
2.787065857E2,4.870779077E1,2.195329760E0,1.154560660E2,1.621574097E2,1.409999967E0,1.810000000E2,1.035292581E0,3.790092468E0,2.500000000E0,2.700000000E1
2.797049350E2,4.870777426E1,2.195326000E0,1.152133815E2,1.619147339E2,1.970000029E0,1.873000031E2,1.037444911E0,3.790092468E0,2.500000000E0,2.700000000E1
2.807089086E2,4.870775537E1,2.195319600E0,1.148663856E2,1.615677490E2,2.170000076E0,1.911999969E2,1.038715324E0,3.790092468E0,2.500000000E0,2.700000000E1
2.817026029E2,4.870774469E1,2.195313450E0,1.154719689E2,1.621733398E2,1.419999957E0,1.933000031E2,1.040203203E0,3.790092468E0,2.500000000E0,2.500000000E1
2.827643295E2,4.870773154E1,2.195309700E0,1.158636242E2,1.625650024E2,1.730000019E0,1.831999969E2,1.040830755E0,3.790092468E0,2.500000000E0,2.500000000E1
2.837028239E2,4.870772590E1,2.195310010E0,1.146744740E2,1.613758545E2,1.009999990E0,1.811999969E2,1.041408276E0,3.790092468E0,2.500000000E0,2.400000000E1
2.847070434E2,4.870772071E1,2.195310310E0,1.138439667E2,1.605453491E2,9.700000286E-1,1.830000000E2,1.042424872E0,3.790092468E0,2.500000000E0,2.400000000E1
2.857036943E2,4.870771169E1,2.195308050E0,1.135422650E2,1.602436523E2,1.259999990E0,1.828000031E2,1.043417975E0,3.790092468E0,2.500000000E0,2.400000000E1
2.867063807E2,4.870770312E1,2.195304240E0,1.136382679E2,1.603396606E2,1.289999962E0,1.863999939E2,1.044333159E0,3.790092468E0,2.500000000E0,2.300000000E1
2.877045774E2,4.870769489E1,2.195304110E0,1.131506546E2,1.598520508E2,1.009999990E0,1.811000061E2,1.045389542E0,3.790092468E0,2.500000000E0,2.400000000E1
2.887084759E2,4.870768548E1,2.195306090E0,1.123794725E2,1.590808716E2,1.169999957E0,1.741000061E2,1.046595216E0,3.790092468E0,2.500000000E0,2.400000000E1
2.897025281E2,4.870767468E1,2.195307550E0,1.121306895E2,1.588320923E2,1.279999971E0,1.803000031E2,1.047689429E0,3.790092468E0,2.500000000E0,2.300000000E1
2.907015748E2,4.870766484E1,2.195307400E0,1.129459319E2,1.596473389E2,1.259999990E0,1.821999969E2,1.048583745E0,3.790092468E0,2.500000000E0,2.300000000E1
2.917171361E2,4.870765680E1,2.195307720E0,1.129485533E2,1.596499634E2,1.110000014E0,1.876999969E2,1.049201692E0,3.790092468E0,2.500000000E0,2.300000000E1
2.926992751E2,4.870765132E1,2.195306320E0,1.115935088E2,1.582949219E2,8.799999952E-1,1.966999969E2,1.051609073E0,3.790092468E0,2.500000000E0,2.300000000E1
2.937053591E2,4.870762967E1,2.195306420E0,1.128145693E2,1.595159912E2,2.329999924E0,1.833999939E2,1.054277379E0,3.790092468E0,2.500000000E0,2.300000000E1
2.946997394E2,4.870760617E1,2.195313780E0,1.127240482E2,1.594254761E2,2.420000076E0,1.728999939E2,1.055696748E0,3.790092468E0,2.500000000E0,2.300000000E1
2.957084640E2,4.870759436E1,2.195321120E0,1.117034782E2,1.584049072E2,1.389999986E0,1.763000031E2,1.056221070E0,3.790092468E0,2.500000000E0,2.300000000E1
2.967000288E2,4.870758965E1,2.195321460E0,1.106360936E2,1.573375244E2,8.799999952E-1,1.951999969E2,1.056730884E0,3.790092468E0,2.500000000E0,2.300000000E1
2.977026696E2,4.870758507E1,2.195321140E0,1.097490066E2,1.564504395E2,1.039999962E0,1.913999939E2,1.057797979E0,3.790092468E0,2.500000000E0,2.400000000E1
2.987008463E2,4.870757548E1,2.195320600E0,1.087402133E2,1.554416504E2,1.100000024E0,1.850000000E2,1.058353912E0,3.790092468E0,2.500000000E0,2.400000000E1
2.997090524E2,4.870757049E1,2.195321070E0,1.080795670E2,1.547810059E2,1.190000057E0,1.866000061E2,1.059809854E0,3.790092468E0,2.500000000E0,2.400000000E1
3.007039285E2,4.870755775E1,2.195325650E0,1.083835802E2,1.550850220E2,2.019999981E0,1.786999969E2,1.061235097E0,3.790092468E0,2.500000000E0,2.400000000E1
3.017066948E2,4.870754532E1,2.195330390E0,1.083882161E2,1.550896606E2,1.710000038E0,1.751000061E2,1.062559415E0,3.790092468E0,2.500000000E0,2.400000000E1
3.026996392E2,4.870753346E1,2.195332040E0,1.078999919E2,1.546014404E2,1.490000010E0,1.788999939E2,1.063889669E0,3.790092468E0,2.500000000E0,2.400000000E1
3.037029929E2,4.870752152E1,2.195330910E0,1.071248399E2,1.538262939E2,1.490000010E0,1.896000061E2,1.065014158E0,3.790092468E0,2.500000000E0,2.400000000E1
3.047056473E2,4.870751142E1,2.195330140E0,1.065439637E2,1.532454224E2,1.210000038E0,1.886000061E2,1.066605515E0,3.790092468E0,2.500000000E0,2.400000000E1
3.057102799E2,4.870749719E1,2.195332450E0,1.063501114E2,1.530515747E2,1.779999971E0,1.765000000E2,1.068440336E0,3.790092468E0,2.500000000E0,2.400000000E1
3.067165077E2,4.870748123E1,2.195338800E0,1.062897443E2,1.529912109E2,2.089999914E0,1.735000000E2,1.069847045E0,3.790092468E0,2.500000000E0,2.400000000E1
3.077102574E2,4.870746860E1,2.195339900E0,1.058347836E2,1.525362549E2,1.539999962E0,1.856999969E2,1.070763348E0,3.790092468E0,2.500000000E0,2.400000000E1
3.087057487E2,4.870746043E1,2.195338270E0,1.046251847E2,1.513266602E2,1.259999990E0,1.923999939E2,1.071543393E0,3.790092468E0,2.500000000E0,2.500000000E1
3.097032563E2,4.870745347E1,2.195336940E0,1.040115947E2,1.507130737E2,1.070000052E0,1.928000031E2,1.072112243E0,3.790092468E0,2.500000000E0,2.500000000E1
3.107048443E2,4.870744847E1,2.195338580E0,1.029542204E2,1.496557007E2,8.999999762E-1,1.866999969E2,1.073054071E0,3.790092468E0,2.500000000E0,2.500000000E1
3.117101048E2,4.870744000E1,2.195338630E0,1.024338312E2,1.491353149E2,1.279999971E0,1.908999939E2,1.074454983E0,3.790092468E0,2.500000000E0,2.500000000E1
3.127054853E2,4.870742742E1,2.195339670E0,1.017444955E2,1.484459839E2,1.549999952E0,1.843000031E2,1.075711929E0,3.790092468E0,2.500000000E0,2.600000000E1
3.137084008E2,4.870741618E1,2.195341490E0,1.011212618E2,1.478227539E2,1.289999962E0,1.836000061E2,1.077240730E0,3.790092468E0,2.500000000E0,2.600000000E1
3.147078626E2,4.870740270E1,2.195337390E0,1.005439837E2,1.472454834E2,2.869999886E0,1.876999969E2,1.077917958E0,3.790092468E0,2.500000000E0,2.700000000E1
3.157138490E2,4.870739680E1,2.195335100E0,9.916147275E1,1.458629761E2,1.009999990E0,1.823999939E2,1.078476682E0,3.790092468E0,2.500000000E0,2.700000000E1
3.167105588E2,4.870739178E1,2.195334770E0,9.891305743E1,1.456145630E2,1.000000000E0,1.816999969E2,1.080033417E0,3.790092468E0,2.500000000E0,2.700000000E1
3.177228363E2,4.870737778E1,2.195334830E0,9.894955071E1,1.456510620E2,1.789999962E0,1.811000061E2,1.081269603E0,3.790092468E0,2.500000000E0,2.700000000E1
3.187146407E2,4.870736667E1,2.195334220E0,9.855611321E1,1.452576294E2,1.259999990E0,1.825000000E2,1.082606303E0,3.790092468E0,2.500000000E0,2.700000000E1
3.197278341E2,4.870735470E1,2.195335900E0,9.989576977E1,1.465972900E2,9.599999785E-1,1.861000061E2,1.083977357E0,3.790092468E0,2.500000000E0,2.700000000E1
3.207053707E2,4.870734261E1,2.195332230E0,9.922736693E1,1.459288940E2,8.899999857E-1,1.980000000E2,1.085746508E0,3.790092468E0,2.500000000E0,2.800000000E1
3.217028504E2,4.870732683E1,2.195329150E0,9.927978807E1,1.459813232E2,1.620000005E0,1.861999969E2,1.087159819E0,3.790092468E0,2.500000000E0,2.800000000E1
3.226989799E2,4.870731412E1,2.195329260E0,9.908910906E1,1.457906494E2,1.309999943E0,1.831000061E2,1.088515414E0,3.790092468E0,2.500000000E0,2.800000000E1
3.237038616E2,4.870730196E1,2.195330580E0,9.879082591E1,1.454923706E2,1.340000033E0,1.800000000E2,1.090094926E0,3.790092468E0,2.500000000E0,2.700000000E1
3.247114906E2,4.870728780E1,2.195332290E0,9.846403871E1,1.451655884E2,1.500000000E0,1.816999969E2,1.091391646E0,3.790092468E0,2.500000000E0,2.700000000E1
3.256971186E2,4.870727614E1,2.195331990E0,9.821800104E1,1.449195557E2,1.299999952E0,1.863999939E2,1.092142272E0,3.790092468E0,2.500000000E0,2.600000000E1
3.267104113E2,4.870726939E1,2.195332120E0,9.755662138E1,1.442581787E2,7.200000286E-1,1.843000031E2,1.092771663E0,3.790092468E0,2.500000000E0,2.400000000E1
3.276991727E2,4.870726373E1,2.195332040E0,9.664109166E1,1.433426514E2,7.900000215E-1,1.928999939E2,1.093783505E0,3.790092468E0,2.500000000E0,2.500000000E1
3.287098391E2,4.870725476E1,2.195329720E0,9.599045202E1,1.426920166E2,1.129999995E0,1.901000061E2,1.094800957E0,3.790092468E0,2.500000000E0,2.500000000E1
3.297025986E2,4.870724566E1,2.195328270E0,9.542172195E1,1.421232910E2,1.159999967E0,1.903000031E2,1.095621242E0,3.790092468E0,2.500000000E0,2.500000000E1
3.307079928E2,4.870723891E1,2.195323760E0,9.497457333E1,1.416761475E2,8.399999738E-1,2.065000000E2,1.096516177E0,3.790092468E0,2.500000000E0,2.600000000E1
3.317074798E2,4.870723183E1,2.195317960E0,9.426356893E1,1.409651489E2,1.059999943E0,1.973000031E2,1.098487043E0,3.790092468E0,2.500000000E0,2.600000000E1
3.327079270E2,4.870721427E1,2.195314310E0,9.425916532E1,1.409607544E2,2.150000095E0,1.863000031E2,1.100181656E0,3.790092468E0,2.500000000E0,2.600000000E1
3.337094476E2,4.870719903E1,2.195314340E0,9.435821911E1,1.410598145E2,1.789999962E0,1.788000031E2,1.102059698E0,3.790092468E0,2.500000000E0,2.500000000E1
3.347091568E2,4.870718235E1,2.195318360E0,9.441131486E1,1.411129150E2,1.990000010E0,1.706999969E2,1.103798603E0,3.790092468E0,2.500000000E0,2.600000000E1
3.357090972E2,4.870716683E1,2.195321270E0,9.442827772E1,1.411298828E2,1.909999967E0,1.691999969E2,1.105437491E0,3.790092468E0,2.500000000E0,2.600000000E1
3.367078546E2,4.870715211E1,2.195322400E0,9.482378004E1,1.415253906E2,1.840000033E0,1.778000031E2,1.107092553E0,3.790092468E0,2.500000000E0,2.600000000E1
3.377092632E2,4.870713747E1,2.195318330E0,9.448856686E1,1.411901855E2,1.840000033E0,1.836999969E2,1.108664567E0,3.790092468E0,2.500000000E0,2.600000000E1
3.387022304E2,4.870712357E1,2.195314420E0,9.414432087E1,1.408459473E2,1.779999971E0,1.861000061E2,1.109943410E0,3.790092468E0,2.500000000E0,2.500000000E1
3.397022341E2,4.870711207E1,2.195314640E0,9.375655990E1,1.404581909E2,1.440000057E0,1.803999939E2,1.111284640E0,3.790092468E0,2.500000000E0,2.600000000E1
3.407047950E2,4.870710001E1,2.195314970E0,9.338332512E1,1.400849609E2,1.519999981E0,1.825000000E2,1.113070271E0,3.790092468E0,2.500000000E0,2.600000000E1
3.417084464E2,4.870708397E1,2.195313800E0,9.252681157E1,1.392284546E2,1.970000029E0,1.841000061E2,1.114608401E0,3.790092468E0,2.500000000E0,2.800000000E1
3.427049206E2,4.870707024E1,2.195311250E0,9.275208538E1,1.394537354E2,1.679999948E0,1.845000000E2,1.115987802E0,3.790092468E0,2.500000000E0,2.700000000E1
3.437053843E2,4.870705792E1,2.195309050E0,9.194806307E1,1.386497192E2,1.490000010E0,1.953999939E2,1.117359949E0,3.790092468E0,2.500000000E0,2.600000000E1
3.447047992E2,4.870704558E1,2.195309020E0,9.177416881E1,1.384758301E2,1.649999976E0,1.860000000E2,1.118915036E0,3.790092468E0,2.500000000E0,2.600000000E1
3.457022395E2,4.870703160E1,2.195309600E0,9.163506423E1,1.383367310E2,1.769999981E0,1.821000061E2,1.120481480E0,3.790092468E0,2.500000000E0,2.700000000E1
3.467097146E2,4.870701752E1,2.195310290E0,9.160954608E1,1.383112183E2,1.740000010E0,1.821000061E2,1.121738242E0,3.790092468E0,2.500000000E0,2.800000000E1
3.477107522E2,4.870700623E1,2.195311090E0,9.116227621E1,1.378639526E2,1.470000029E0,1.846999969E2,1.123041592E0,3.790092468E0,2.500000000E0,2.800000000E1
3.487142850E2,4.870699452E1,2.195310310E0,9.066391894E1,1.373656006E2,1.559999943E0,1.866000061E2,1.124190753E0,3.790092468E0,2.500000000E0,2.800000000E1
3.497035392E2,4.870698419E1,2.195310780E0,9.002103162E1,1.367227173E2,1.639999986E0,1.823000031E2,1.125311602E0,3.790092468E0,2.500000000E0,2.900000000E1
3.507248767E2,4.870697411E1,2.195310740E0,8.962973106E1,1.363314209E2,1.559999943E0,1.836999969E2,1.126535863E0,3.790092468E0,2.500000000E0,2.900000000E1
3.517110491E2,4.870696310E1,2.195310790E0,8.914681639E1,1.358485107E2,1.639999986E0,1.821000061E2,1.127855407E0,3.790092468E0,2.500000000E0,3.000000000E1
3.527026276E2,4.870695146E1,2.195307290E0,8.881557203E1,1.355172729E2,1.669999957E0,1.886999969E2,1.129383597E0,3.790092468E0,2.500000000E0,3.000000000E1
3.537090311E2,4.870693827E1,2.195301440E0,8.844520230E1,1.351469116E2,1.870000005E0,1.941000061E2,1.130898525E0,3.790092468E0,2.500000000E0,3.000000000E1
3.547094737E2,4.870692472E1,2.195303590E0,8.848218511E1,1.351838989E2,1.820000052E0,1.758000031E2,1.132221012E0,3.790092468E0,2.500000000E0,3.100000000E1
3.557091021E2,4.870691286E1,2.195302240E0,8.785394468E1,1.345556641E2,1.570000052E0,1.843999939E2,1.133394774E0,3.790092468E0,2.500000000E0,3.000000000E1
3.567067693E2,4.870690235E1,2.195303730E0,8.738024725E1,1.340819702E2,1.370000005E0,1.775000000E2,1.135394364E0,3.790092468E0,2.500000000E0,2.900000000E1
3.577085097E2,4.870688439E1,2.195302360E0,8.662907949E1,1.333308105E2,2.200000048E0,1.831000061E2,1.137517356E0,3.790092468E0,2.500000000E0,2.900000000E1
3.587067818E2,4.870686555E1,2.195297670E0,8.649753859E1,1.331992798E2,2.200000048E0,1.880000000E2,1.139480275E0,3.790092468E0,2.500000000E0,2.900000000E1
3.597085256E2,4.870684790E1,2.195297180E0,8.670724787E1,1.334089966E2,2.059999943E0,1.796999969E2,1.141620142E0,3.790092468E0,2.500000000E0,2.900000000E1
3.607101357E2,4.870682869E1,2.195295440E0,8.675295440E1,1.334547119E2,2.240000010E0,1.838999939E2,1.143594531E0,3.790092468E0,2.500000000E0,2.900000000E1
3.617052119E2,4.870681109E1,2.195291880E0,8.701118509E1,1.337129517E2,2.140000105E0,1.865000000E2,1.145555078E0,3.790092468E0,2.500000000E0,3.000000000E1
3.627237250E2,4.870679439E1,2.195283310E0,8.830322709E1,1.350050049E2,2.190000057E0,1.963999939E2,1.147538316E0,3.790092468E0,2.500000000E0,3.000000000E1
3.637094756E2,4.870678235E1,2.195263370E0,8.716173253E1,1.338635254E2,2.089999914E0,2.080000000E2,1.149192751E0,3.790092468E0,2.500000000E0,3.000000000E1
3.647076053E2,4.870676925E1,2.195252680E0,8.666617728E1,1.333679810E2,2.119999886E0,1.896999969E2,1.150293565E0,3.790092468E0,2.500000000E0,3.000000000E1
3.657102937E2,4.870676107E1,2.195244230E0,8.595840596E1,1.326602173E2,1.590000033E0,1.901000061E2,1.151462054E0,3.790092468E0,2.500000000E0,3.100000000E1
3.667094211E2,4.870675132E1,2.195238290E0,8.575618946E1,1.324580078E2,1.600000024E0,1.943999939E2,1.152440356E0,3.790092468E0,2.500000000E0,3.100000000E1
3.677095853E2,4.870674382E1,2.195231320E0,8.563557736E1,1.323374023E2,1.399999976E0,1.983999939E2,1.153507794E0,3.790092468E0,2.500000000E0,3.100000000E1
3.687047343E2,4.870673518E1,2.195224980E0,8.561127860E1,1.323131104E2,1.409999967E0,1.993999939E2,1.154672674E0,3.790092468E0,2.500000000E0,3.000000000E1
3.697042889E2,4.870672572E1,2.195218160E0,8.524133716E1,1.319431763E2,1.399999976E0,2.020000000E2,1.155933964E0,3.790092468E0,2.500000000E0,3.100000000E1
3.707037014E2,4.870671582E1,2.195209770E0,8.470147287E1,1.314033203E2,1.419999957E0,2.025000000E2,1.157461690E0,3.790092468E0,2.500000000E0,3.200000000E1
3.717110513E2,4.870670253E1,2.195204490E0,8.454393298E1,1.312457886E2,1.710000038E0,1.936999969E2,1.158724330E0,3.790092468E0,2.500000000E0,3.200000000E1
3.727046520E2,4.870669151E1,2.195200340E0,8.391373835E1,1.306156006E2,1.450000048E0,1.980000000E2,1.159943686E0,3.790092468E0,2.500000000E0,3.200000000E1
3.737115405E2,4.870668086E1,2.195196380E0,8.338364163E1,1.300855103E2,1.549999952E0,2.023999939E2,1.161328102E0,3.790092468E0,2.500000000E0,3.200000000E1
3.747035776E2,4.870666889E1,2.195191190E0,8.314187381E1,1.298437500E2,1.450000048E0,1.998000031E2,1.162649455E0,3.790092468E0,2.500000000E0,3.200000000E1
3.757096037E2,4.870665724E1,2.195187640E0,8.284059768E1,1.295424805E2,1.480000019E0,1.910000000E2,1.164113027E0,3.790092468E0,2.500000000E0,3.200000000E1
3.766998603E2,4.870664421E1,2.195184820E0,8.294355719E1,1.296454468E2,1.480000019E0,1.928000031E2,1.165651322E0,3.790092468E0,2.500000000E0,3.200000000E1
3.777056416E2,4.870663040E1,2.195183580E0,8.308319931E1,1.297850952E2,1.450000048E0,1.901999969E2,1.167374886E0,3.790092468E0,2.500000000E0,3.200000000E1
3.786999907E2,4.870661493E1,2.195185050E0,8.328546419E1,1.299873657E2,1.539999962E0,1.820000000E2,1.169030561E0,3.790092468E0,2.500000000E0,3.100000000E1
3.797091620E2,4.870660005E1,2.195184230E0,8.279693226E1,1.294988403E2,1.519999981E0,1.833999939E2,1.170681331E0,3.790092468E0,2.500000000E0,2.900000000E1
3.807089736E2,4.870658524E1,2.195182670E0,8.243803864E1,1.291399536E2,1.539999962E0,1.856999969E2,1.172188217E0,3.790092468E0,2.500000000E0,3.000000000E1
3.817045198E2,4.870657224E1,2.195176870E0,8.214805232E1,1.288499756E2,1.539999962E0,2.006999969E2,1.173569339E0,3.790092468E0,2.500000000E0,3.000000000E1
3.827090310E2,4.870655999E1,2.195173760E0,8.230576054E1,1.290076904E2,1.509999990E0,1.886000061E2,1.174916382E0,3.790092468E0,2.500000000E0,3.000000000E1
3.837059485E2,4.870654789E1,2.195174650E0,8.205612222E1,1.287580566E2,1.500000000E0,1.816999969E2,1.176379692E0,3.790092468E0,2.500000000E0,2.900000000E1
3.847092543E2,4.870653479E1,2.195172750E0,8.172255873E1,1.284244995E2,1.480000019E0,1.885000000E2,1.177996527E0,3.790092468E0,2.500000000E0,3.000000000E1
3.857042910E2,4.870652025E1,2.195172940E0,8.153047520E1,1.282324219E2,1.600000024E0,1.805000000E2,1.179655596E0,3.790092468E0,2.500000000E0,2.900000000E1
3.867102140E2,4.870650533E1,2.195172780E0,8.142066673E1,1.281226196E2,1.580000043E0,1.821000061E2,1.181336489E0,3.790092468E0,2.500000000E0,2.900000000E1
3.877049353E2,4.870649033E1,2.195175620E0,8.137812048E1,1.280800781E2,1.559999943E0,1.746999969E2,1.182933217E0,3.790092468E0,2.500000000E0,2.900000000E1
3.887118890E2,4.870647599E1,2.195174480E0,8.109784056E1,1.277998047E2,1.529999971E0,1.833999939E2,1.184650069E0,3.790092468E0,2.500000000E0,2.800000000E1
3.897006978E2,4.870646055E1,2.195174520E0,8.110082494E1,1.278027954E2,1.669999957E0,1.756999969E2,1.186417524E0,3.790092468E0,2.500000000E0,2.800000000E1
3.907088424E2,4.870644469E1,2.195176120E0,8.083586561E1,1.275378418E2,1.690000057E0,1.763999939E2,1.188178107E0,3.790092468E0,2.500000000E0,2.700000000E1
3.917009675E2,4.870642886E1,2.195175630E0,8.052110054E1,1.272230835E2,1.639999986E0,1.816000061E2,1.189890171E0,3.790092468E0,2.500000000E0,2.700000000E1
3.927057168E2,4.870641349E1,2.195174250E0,8.048709692E1,1.271890869E2,1.710000038E0,1.806999969E2,1.191550694E0,3.790092468E0,2.500000000E0,2.700000000E1
3.937045952E2,4.870639857E1,2.195173290E0,8.026113814E1,1.269631348E2,1.590000033E0,1.843999939E2,1.193136537E0,3.790092468E0,2.500000000E0,2.700000000E1
3.947695457E2,4.870638432E1,2.195174170E0,8.063527822E1,1.273372803E2,1.519999981E0,1.836999969E2,1.194728167E0,3.790092468E0,2.500000000E0,2.700000000E1
3.957116443E2,4.870637010E1,2.195176650E0,8.057887714E1,1.272808838E2,1.610000014E0,1.761999969E2,1.196203144E0,3.790092468E0,2.500000000E0,2.800000000E1
3.967107268E2,4.870635684E1,2.195176110E0,8.071150080E1,1.274135132E2,1.519999981E0,1.861000061E2,1.197759593E0,3.790092468E0,2.500000000E0,2.900000000E1
3.977096590E2,4.870634303E1,2.195172650E0,8.099072919E1,1.276927490E2,1.549999952E0,1.918999939E2,1.199463194E0,3.790092468E0,2.500000000E0,2.900000000E1
3.987050056E2,4.870632776E1,2.195170760E0,8.060333181E1,1.273053589E2,1.649999976E0,1.918000031E2,1.201007982E0,3.790092468E0,2.500000000E0,2.900000000E1
3.997007660E2,4.870631417E1,2.195166390E0,7.991008669E1,1.266121216E2,1.500000000E0,1.948999939E2,1.202572501E0,3.790092468E0,2.500000000E0,2.900000000E1
4.007056348E2,4.870630028E1,2.195162990E0,7.969029165E1,1.263923340E2,1.529999971E0,1.908999939E2,1.204299448E0,3.790092468E0,2.500000000E0,2.900000000E1
4.017108243E2,4.870628475E1,2.195162750E0,7.954550974E1,1.262475586E2,1.610000014E0,1.820000000E2,1.206004764E0,3.790092468E0,2.500000000E0,2.900000000E1
4.027064124E2,4.870626951E1,2.195160150E0,7.931967206E1,1.260217285E2,1.500000000E0,1.858999939E2,1.207692245E0,3.790092468E0,2.500000000E0,2.900000000E1
4.037107739E2,4.870625434E1,2.195159510E0,7.923635250E1,1.259384155E2,1.629999995E0,1.791000061E2,1.209259831E0,3.790092468E0,2.500000000E0,2.900000000E1
4.047065396E2,4.870624028E1,2.195157950E0,7.910933176E1,1.258114014E2,1.500000000E0,1.823999939E2,1.211087512E0,3.790092468E0,2.500000000E0,3.000000000E1
4.057025345E2,4.870622387E1,2.195156530E0,7.893390924E1,1.256359863E2,1.649999976E0,1.841999969E2,1.212714073E0,3.790092468E0,2.500000000E0,2.900000000E1
4.067048997E2,4.870620936E1,2.195153720E0,7.870001512E1,1.254020996E2,1.460000038E0,1.855000000E2,1.214320254E0,3.790092468E0,2.500000000E0,2.900000000E1
4.077039585E2,4.870619492E1,2.195153160E0,7.853698399E1,1.252390747E2,1.490000010E0,1.863000031E2,1.215900419E0,3.790092468E0,2.500000000E0,2.800000000E1
4.087042606E2,4.870618075E1,2.195151530E0,7.819060281E1,1.248927002E2,1.480000019E0,1.898999939E2,1.217621779E0,3.790092468E0,2.500000000E0,2.900000000E1
4.097060760E2,4.870616527E1,2.195151330E0,7.806571840E1,1.247678223E2,1.529999971E0,1.866999969E2,1.219235339E0,3.790092468E0,2.500000000E0,2.900000000E1
4.107130014E2,4.870615076E1,2.195151060E0,7.800931580E1,1.247114258E2,1.500000000E0,1.840000000E2,1.220877380E0,3.790092468E0,2.500000000E0,2.900000000E1
4.117032199E2,4.870613600E1,2.195151760E0,7.808761818E1,1.247897339E2,1.500000000E0,1.820000000E2,1.222448959E0,3.790092468E0,2.500000000E0,2.900000000E1
4.127101949E2,4.870612187E1,2.195152240E0,7.803561065E1,1.247377319E2,1.529999971E0,1.840000000E2,1.224229173E0,3.790092468E0,2.500000000E0,2.800000000E1
4.137028973E2,4.870610594E1,2.195149820E0,7.788106185E1,1.245831909E2,1.659999967E0,1.863000031E2,1.226066098E0,3.790092468E0,2.500000000E0,2.800000000E1
4.147110821E2,4.870608954E1,2.195146810E0,7.779249156E1,1.244946289E2,1.690000057E0,1.838000031E2,1.227689793E0,3.790092468E0,2.500000000E0,2.700000000E1
4.157060239E2,4.870607499E1,2.195144940E0,7.756726489E1,1.242694092E2,1.539999962E0,1.863999939E2,1.229378287E0,3.790092468E0,2.500000000E0,2.900000000E1
4.167040617E2,4.870605981E1,2.195145530E0,7.731481753E1,1.240169678E2,1.490000010E0,1.810000000E2,1.231123170E0,3.790092468E0,2.500000000E0,2.900000000E1
4.177049764E2,4.870604412E1,2.195145920E0,7.721581224E1,1.239179688E2,1.559999943E0,1.813999939E2,1.232829276E0,3.790092468E0,2.500000000E0,3.000000000E1
4.187063156E2,4.870602940E1,2.195139360E0,7.711680383E1,1.238189697E2,1.539999962E0,1.955000000E2,1.234605304E0,3.790092468E0,2.500000000E0,3.000000000E1
4.197092341E2,4.870601559E1,2.195127200E0,7.650406004E1,1.232062378E2,1.539999962E0,2.106999969E2,1.236481449E0,3.790092468E0,2.500000000E0,3.000000000E1
4.207023620E2,4.870600290E1,2.195110350E0,7.640425380E1,1.231064453E2,1.549999952E0,2.241999969E2,1.238308224E0,3.790092468E0,2.500000000E0,2.900000000E1
4.217034673E2,4.870598956E1,2.195095820E0,7.599731956E1,1.226995239E2,1.500000000E0,2.220000000E2,1.240171300E0,3.790092468E0,2.500000000E0,2.900000000E1
4.227054854E2,4.870597963E1,2.195075370E0,7.618913861E1,1.228913574E2,1.570000052E0,2.456999969E2,1.241890291E0,3.790092468E0,2.500000000E0,2.900000000E1
4.237024876E2,4.870597710E1,2.195052260E0,7.633878406E1,1.230410156E2,1.570000052E0,2.656000061E2,1.243550605E0,3.790092468E0,2.500000000E0,2.900000000E1
4.247118673E2,4.870597745E1,2.195029640E0,7.614040849E1,1.228426514E2,1.610000014E0,2.738999939E2,1.245259304E0,3.790092468E0,2.500000000E0,2.900000000E1
4.257043329E2,4.870597817E1,2.195006380E0,7.566127103E1,1.223635254E2,1.669999957E0,2.743999939E2,1.246927972E0,3.790092468E0,2.500000000E0,2.900000000E1
4.267077443E2,4.870597971E1,2.194983760E0,7.518311079E1,1.218853760E2,1.549999952E0,2.771000061E2,1.248517995E0,3.790092468E0,2.500000000E0,2.900000000E1
4.277018882E2,4.870598056E1,2.194962130E0,7.482634970E1,1.215286255E2,1.529999971E0,2.735000000E2,1.250359906E0,3.790092468E0,2.500000000E0,2.900000000E1
4.287031146E2,4.870598249E1,2.194937200E0,7.473600584E1,1.214382935E2,1.690000057E0,2.738999939E2,1.252135720E0,3.790092468E0,2.500000000E0,2.900000000E1
4.297018491E2,4.870598454E1,2.194913200E0,7.462869472E1,1.213309937E2,1.669999957E0,2.747999878E2,1.253875327E0,3.790092468E0,2.500000000E0,2.900000000E1
4.307116907E2,4.870598650E1,2.194889680E0,7.449123244E1,1.211935425E2,1.600000024E0,2.767999878E2,1.255471943E0,3.790092468E0,2.500000000E0,2.900000000E1
4.317059019E2,4.870598735E1,2.194867960E0,7.421662462E1,1.209189453E2,1.529999971E0,2.753999939E2,1.257233834E0,3.790092468E0,2.500000000E0,2.800000000E1
4.327088990E2,4.870598725E1,2.194843950E0,7.417779406E1,1.208801270E2,1.669999957E0,2.716000061E2,1.258937071E0,3.790092468E0,2.500000000E0,2.700000000E1
4.337076296E2,4.870598534E1,2.194820920E0,7.415281823E1,1.208551636E2,1.480000019E0,2.682000122E2,1.260710275E0,3.790092468E0,2.500000000E0,2.700000000E1
4.347081325E2,4.870598393E1,2.194796850E0,7.439834989E1,1.211007080E2,1.629999995E0,2.687999878E2,1.262503321E0,3.790092468E0,2.500000000E0,2.700000000E1
4.357082555E2,4.870598139E1,2.194772720E0,7.455318281E1,1.212555542E2,1.629999995E0,2.647999878E2,1.264346593E0,3.790092468E0,2.500000000E0,2.800000000E1
4.367083490E2,4.870597779E1,2.194748200E0,7.460388913E1,1.213062744E2,1.710000038E0,2.556000061E2,1.266083213E0,3.790092468E0,2.500000000E0,2.800000000E1
4.377033166E2,4.870597618E1,2.194724660E0,7.463402791E1,1.213364258E2,1.549999952E0,2.633999939E2,1.267672482E0,3.790092468E0,2.500000000E0,2.800000000E1
4.386999073E2,4.870597279E1,2.194703620E0,7.500364476E1,1.217060547E2,1.500000000E0,2.588999939E2,1.269461907E0,3.790092468E0,2.500000000E0,2.900000000E1
4.397036730E2,4.870596966E1,2.194679700E0,7.488406349E1,1.215864868E2,1.559999943E0,2.638999939E2,1.271210871E0,3.790092468E0,2.500000000E0,2.900000000E1
4.407051781E2,4.870596746E1,2.194656100E0,7.488557650E1,1.215880127E2,1.509999990E0,2.612000122E2,1.272852837E0,3.790092468E0,2.500000000E0,2.900000000E1
4.417067387E2,4.870596491E1,2.194634060E0,7.513922640E1,1.218416748E2,1.519999981E0,2.617999878E2,1.274557571E0,3.790092468E0,2.500000000E0,3.000000000E1
4.427093337E2,4.870595882E1,2.194612740E0,7.537053634E1,1.220729980E2,1.490000010E0,2.577000122E2,1.276323293E0,3.790092468E0,2.500000000E0,3.000000000E1
4.437037037E2,4.870595214E1,2.194590910E0,7.564151862E1,1.223439941E2,1.549999952E0,2.503999939E2,1.278125799E0,3.790092468E0,2.500000000E0,3.000000000E1
4.447108668E2,4.870594540E1,2.194568570E0,7.593709779E1,1.226395874E2,1.580000043E0,2.516000061E2,1.279894607E0,3.790092468E0,2.500000000E0,3.000000000E1
4.457167637E2,4.870593985E1,2.194545980E0,7.621570956E1,1.229182129E2,1.490000010E0,2.536999969E2,1.281637518E0,3.790092468E0,2.500000000E0,3.000000000E1
4.467126485E2,4.870593872E1,2.194522290E0,7.647167854E1,1.231741943E2,1.500000000E0,2.646000061E2,1.283516677E0,3.790092468E0,2.500000000E0,3.000000000E1
4.477062947E2,4.870593976E1,2.194496730E0,7.659275977E1,1.232952881E2,1.610000014E0,2.727000122E2,1.285224968E0,3.790092468E0,2.500000000E0,3.000000000E1
4.487051340E2,4.870593977E1,2.194473450E0,7.635440570E1,1.230569458E2,1.429999948E0,2.753999939E2,1.286944936E0,3.790092468E0,2.500000000E0,3.000000000E1
4.497065962E2,4.870593850E1,2.194450090E0,7.664449344E1,1.233470459E2,1.529999971E0,2.658999939E2,1.288550613E0,3.790092468E0,2.500000000E0,3.100000000E1
4.507118939E2,4.870593718E1,2.194428300E0,7.655476018E1,1.232573242E2,1.470000029E0,2.693999939E2,1.290181989E0,3.790092468E0,2.500000000E0,3.100000000E1
4.517045940E2,4.870593653E1,2.194406090E0,7.656439222E1,1.232669678E2,1.490000010E0,2.696000061E2,NaN,3.790092468E0,2.500000000E0,3.100000000E1
